timestamp,latitude,longitude,altitude
1771579655301990323,40.354895251446706,-3.7412912493091723,676.2913955006342
1771579655401624084,40.354895255438024,-3.741291246078713,676.2915683186573
1771579655502541796,40.35489525892088,-3.7412912447067237,676.2917663735836
1771579655601754051,40.35489526249542,-3.741291241985354,676.2917543709789
1771579655702261814,40.35489524187924,-3.741291245109054,676.2912610812351
1771579655801714885,40.354895244605764,-3.7412912419221143,676.29143807123
1771579655902036089,40.35489524733984,-3.7412912389081665,676.2915589351276
1771579656001534132,40.354895250502395,-3.7412912355791432,676.2916849917242
1771579656102036196,40.35489525342928,-3.7412912314118687,676.2918605309393
1771579656201592267,40.35489525633507,-3.741291228055571,676.2919539709674
1771579656302049882,40.3548952592489,-3.741291224099196,676.2921709886705
1771579656401585038,40.354895261680355,-3.7412912204507247,676.292370229495
1771579656507103115,40.35489526474628,-3.7412912173913666,676.2924749101146
1771579656601728982,40.354895268060645,-3.741291213818467,676.2925126119222
1771579656702075219,40.35489524347871,-3.741291228411358,676.2919814161597
1771579656801551243,40.354895245099,-3.74129122509618,676.2920893444277
1771579656901964205,40.35489524632787,-3.7412912219509127,676.2924330237614
1771579657001561200,40.354895247292205,-3.7412912220021646,676.292651332818
1771579657102013485,40.35489524985918,-3.741291217800139,676.2924686107395
1771579657201539327,40.35489525298797,-3.7412912051666876,676.2927911254793
1771579657302036674,40.3548952537692,-3.7412911984369095,676.2933070478388
1771579657401608457,40.35489525478466,-3.7412912033947787,676.2932981758166
1771579657507286498,40.35489525650441,-3.7412912043910858,676.2933949196606
1771579657601828181,40.35489525802087,-3.7412911961916073,676.2935079315595
1771579657702281477,40.354895239103506,-3.7412912303559396,676.2930896856135
1771579657801705699,40.35489523899635,-3.7412912348400957,676.2931855989616
1771579657902131184,40.354895237357155,-3.7412912374963168,676.293367517606
1771579658001667386,40.35489523696397,-3.741291232109582,676.2936482676766
1771579658101881270,40.354895238028874,-3.741291226312376,676.2937767258588
1771579658201460328,40.35489523667443,-3.7412912279921775,676.2939551624995
1771579658301911692,40.35489523384067,-3.7412912318925495,676.2941805417041
1771579658401455545,40.354895233353716,-3.741291229821306,676.2943959004679
1771579658502265817,40.354895233267946,-3.74129122306954,676.2945866331145
1771579658601740015,40.354895230849756,-3.741291220415811,676.2946629356165
1771579658702152113,40.35489521116237,-3.741291248892747,676.294546284296
1771579658801428636,40.35489520876238,-3.741291249225824,676.2945777388841
1771579658901850820,40.35489519856602,-3.741291241389629,676.2944150799782
1771579659001441332,40.35489517646186,-3.741291231045767,676.2935852819357
1771579659101839129,40.35489513494741,-3.741291218465757,676.2928051549579
1771579659201507433,40.35489507550486,-3.741291201564852,676.2930105207638
1771579659301831729,40.354895006304254,-3.741291179542445,676.2935475856898
1771579659401419057,40.35489492607876,-3.74129115326611,676.2936607442989
1771579659507100619,40.354894828580456,-3.7412911238311333,676.2938747907574
1771579659601555117,40.354894711203244,-3.7412910866335465,676.2939361013088
1771579659702000339,40.35489459058596,-3.7412910657483627,676.2912599135806
1771579659801540274,40.3548944042806,-3.741291007667963,676.291324648048
1771579659901934561,40.3548941709205,-3.7412909383159807,676.2913478824872
1771579660001558852,40.35489388981295,-3.741290855008996,676.2915439439552
1771579660101845654,40.3548935618757,-3.7412907577862753,676.291992519581
1771579660201402961,40.354893190822416,-3.7412906452239145,676.2924014230363
1771579660301879421,40.354892778337,-3.7412905186097967,676.2925883596349
1771579660401375115,40.35489232223387,-3.7412903829286055,676.2928556056895
1771579660502139430,40.354891823426485,-3.7412902331914415,676.2931215241794
1771579660601637288,40.35489128073974,-3.741290067970984,676.2933685047021
1771579660701938234,40.35489069489042,-3.7412900612765805,676.2939789142754
1771579660801343057,40.35489006509044,-3.7412898803087655,676.2944439365975
1771579660901798094,40.354889398852976,-3.741289685607592,676.295011606466
1771579661001354886,40.35488869929225,-3.741289478456795,676.2959325587804
1771579661101755931,40.35488795924188,-3.7412892617033675,676.2968413688875
1771579661201508659,40.35488717691392,-3.7412890354309405,676.2975468738873
1771579661301782175,40.35488636371969,-3.7412887966597865,676.2981616111036
1771579661401432950,40.35488552254487,-3.7412885532797975,676.2989518732097
1771579661507038194,40.354884654163854,-3.741288305723712,676.3000672360625
1771579661601530402,40.35488376683454,-3.7412880490976037,676.3009321045433
1771579661701969794,40.354882855677815,-3.741288147942204,676.3025129093479
1771579661801522800,40.35488194201328,-3.7412878969075076,676.3031707366581
1771579661901958003,40.35488102115388,-3.7412876317163284,676.303301091018
1771579662001482673,40.35488009364729,-3.741287362166257,676.3032213674024
1771579662101824604,40.35487915180819,-3.741287106286965,676.3042650383774
1771579662201420887,40.35487819983112,-3.7412868588069723,676.3050711368376
1771579662301802313,40.35487724423437,-3.7412865991841446,676.3052166605999
1771579662401363197,40.354876283489425,-3.741286324539343,676.3054339526545
1771579662506935535,40.35487531612842,-3.7412860508027745,676.305453810595
1771579662601753636,40.3548743423335,-3.741285774110665,676.3051018768781
1771579662702006905,40.354873380271314,-3.741285836819302,676.3049076789564
1771579662801408024,40.35487240295855,-3.741285575584548,676.3048742690333
1771579662901831664,40.35487142616039,-3.741285305040181,676.3045999585386
1771579663001354176,40.354870450079844,-3.7412850350090134,676.3038955186963
1771579663101827833,40.35486947240285,-3.741284772588603,676.3032208811611
1771579663201490377,40.35486849143324,-3.741284520775878,676.3028891615949
1771579663301866547,40.35486750805927,-3.7412842747529598,676.3028627699391
1771579663401526713,40.35486652545539,-3.741284023532623,676.3030479127757
1771579663502329613,40.354865546410956,-3.7412837619724586,676.3040440833906
1771579663601621603,40.354864569936325,-3.7412834906218646,676.3057535474352
1771579663701934565,40.35486362717913,-3.7412834339734413,676.3013800698465
1771579663801559971,40.35486265775162,-3.74128319308437,676.2996448110403
1771579663901986883,40.35486168826367,-3.741282953914985,676.2990313897412
1771579664001463979,40.35486071994248,-3.7412827168637635,676.2988666725767
1771579664101819136,40.35485975224281,-3.741282482897604,676.2988245854377
1771579664201401615,40.354858787471926,-3.7412822477419345,676.299413070652
1771579664301793239,40.35485782742929,-3.7412820135839846,676.2999362596124
1771579664401430786,40.35485686816386,-3.7412817723055443,676.300495167747
1771579664506902775,40.35485590903375,-3.741281529187893,676.3007382595067
1771579664601647986,40.3548549574345,-3.741281280927317,676.3005813202236
1771579664702026985,40.354854005169145,-3.7412810154077714,676.3034641137677
1771579664801357473,40.354853064095266,-3.74128077960151,676.3038988325071
1771579664901869280,40.354852124938354,-3.74128054623678,676.3043350920449
1771579665001363942,40.35485118666475,-3.741280315948035,676.3045266248168
1771579665101834573,40.35485024212792,-3.741280083013112,676.3049584240273
1771579665201532655,40.35484927671749,-3.741279845305027,676.3061179326784
1771579665301805181,40.354848278625404,-3.741279600750774,676.3067254366683
1771579665401366064,40.35484722446024,-3.7412793394309127,676.3064983915272
1771579665502326418,40.35484610229231,-3.7412790544506196,676.3064669986837
1771579665601589008,40.35484491397896,-3.7412787321500174,676.3072069886209
1771579665701975193,40.35484370361488,-3.741278225537916,676.3065624518739
1771579665801449224,40.354842396182775,-3.7412778889336975,676.3074842439582
1771579665901834922,40.35484104489769,-3.7412775380826706,676.308372148859
1771579666001437567,40.35483964934279,-3.7412771598914447,676.3090923512291
1771579666101819620,40.35483821047967,-3.741276758500442,676.3100667932844
1771579666201358445,40.35483672685833,-3.741276355872747,676.311361231505
1771579666301884232,40.35483519376367,-3.741275968388717,676.3125631831458
1771579666401349609,40.354833616686484,-3.7412755574236316,676.314145664649
1771579666507090365,40.354832000760325,-3.741275110176645,676.314827819794
1771579666601628730,40.35483034416007,-3.741274627285349,676.3157697622518
1771579666701915892,40.35482858941871,-3.7412740811531324,676.322384374051
1771579666801507563,40.354826805759224,-3.7412736060466534,676.3231686473754
1771579666901814278,40.354824956115785,-3.741273111301982,676.3240633104945
1771579667001383191,40.354823040530036,-3.7412725888309986,676.3265677538392
1771579667101844389,40.35482106828285,-3.7412720414663823,676.3295666430481
1771579667201492086,40.3548190477253,-3.741271490739804,676.3316343605114
1771579667301962785,40.354816976185404,-3.741270950655555,676.3346497361953
1771579667401407049,40.35481485554767,-3.7412704059755204,676.3381126293631
1771579667507143061,40.35481269189875,-3.7412698435276854,676.340688796322
1771579667601658323,40.35481049211044,-3.7412692733946065,676.3419739615323
1771579667702016805,40.354808168294255,-3.7412688024444227,676.3442686411717
1771579667801524006,40.354805864698974,-3.7412682279410276,676.3467730378609
1771579667901831830,40.35480351365316,-3.7412676444697306,676.3493601223769
1771579668001509493,40.35480111083036,-3.7412670582171894,676.3506027622085
1771579668101725921,40.354798659475506,-3.741266463524777,676.3509125735558
1771579668201340763,40.354796172455195,-3.7412658432450137,676.3515110626515
1771579668301757097,40.354793655374806,-3.741265218177034,676.3528199682424
1771579668401361387,40.35479113354443,-3.741264603601517,676.3550771437389
1771579668502149303,40.35478862730268,-3.741264022220397,676.3573310751821
1771579668601639641,40.35478615030584,-3.7412634443755692,676.3600644918879
1771579668701926022,40.354783662033526,-3.7412632715364498,676.3579870117719
1771579668801365172,40.35478121792292,-3.7412627497651276,676.3598462625912
1771579668901770159,40.35477880017577,-3.7412622346582585,676.3620742723099
1771579669001505776,40.35477640647599,-3.7412617326357114,676.3624675746541
1771579669101727578,40.35477403486756,-3.741261237862208,676.3624129338059
1771579669201449650,40.35477167719487,-3.7412607408649703,676.3649584160215
1771579669301754107,40.35476933471716,-3.74126024772989,676.3693950434136
1771579669401332370,40.35476701800755,-3.741259773022243,676.3737276595376
1771579669506982226,40.35476472511129,-3.741259338615512,676.3778398805132
1771579669601599243,40.354762460314845,-3.7412589032751793,676.3829722027886
1771579669701970379,40.35476032705318,-3.7412586856525016,676.3865133825032
1771579669801530207,40.354758105807164,-3.7412583167795224,676.3891236219201
1771579669902060708,40.35475588796778,-3.741257964208769,676.3928976691177
1771579670001561824,40.3547536633728,-3.7412576104121804,676.397721499292
1771579670101811811,40.354751445049985,-3.7412572427403537,676.4025521879087
1771579670201497465,40.35474924496396,-3.741256882372007,676.4071372868228
1771579670301815054,40.35474706325606,-3.741256553187533,676.4107435224563
1771579670401361184,40.354744883458345,-3.7412562692649884,676.4150160120979
1771579670506794057,40.35474270294139,-3.741256005521074,676.4195641433188
1771579670601620788,40.354740537996776,-3.7412557171976712,676.4245112590802
1771579670701978572,40.35473855820066,-3.7412552725539037,676.4303271682576
1771579670801428282,40.35473640890328,-3.7412550122785038,676.4357661077419
1771579670901856451,40.35473427071781,-3.741254776844882,676.4428384815609
1771579671001465739,40.354732155093785,-3.7412545698696875,676.4503517152735
1771579671101790560,40.35473006739732,-3.7412543920246577,676.4561993224305
1771579671201461718,40.35472799980355,-3.7412542384966323,676.4616626644582
1771579671301830851,40.354725939231336,-3.7412541133370723,676.468241705735
1771579671401359446,40.35472387844297,-3.741254010868817,676.4763479018346
1771579671502343476,40.35472181920495,-3.741253922281267,676.4841689260014
1771579671601610438,40.3547197634907,-3.741253836399421,676.4906687373106
1771579671702029194,40.35471765375868,-3.7412533463309066,676.4917542570502
1771579671801538795,40.35471562977285,-3.7412533813258166,676.4960045104821
1771579671901860282,40.35471361912682,-3.741253477024274,676.499759229272
1771579672001596878,40.3547116151147,-3.7412535816892007,676.5033274729676
1771579672101791069,40.354709609924456,-3.7412536953622104,676.5073942574811
1771579672201383481,40.35470759557671,-3.741253849245095,676.5126893293094
1771579672301771569,40.35470558108697,-3.7412540718159297,676.5179594783613
1771579672401383042,40.35470357271074,-3.7412543438860846,676.5223444848127
1771579672506857338,40.35470156864811,-3.74125462539775,676.5255020191688
1771579672601649718,40.35469956901164,-3.7412548916841386,676.5269639393255
1771579672701973943,40.354697512647164,-3.741255142893086,676.5238526961506
1771579672801314578,40.35469550466172,-3.7412554228685537,676.5224742708258
1771579672901984940,40.354693498195054,-3.7412557730603315,676.5234853270521
1771579673001309501,40.35469149445789,-3.7412562183288323,676.5279433457642
1771579673101918456,40.35468949541512,-3.7412567028738,676.5334315839918
1771579673201484597,40.354687490149864,-3.741257175039278,676.5385034366516
1771579673301711633,40.35468548204033,-3.7412576389484364,676.5418636563817
1771579673401291309,40.354683483059745,-3.7412581433272134,676.5433439412893
1771579673502213268,40.35468149813726,-3.7412586909791554,676.5442961217606
1771579673601546445,40.354679526168695,-3.7412592547169834,676.5460946085657
1771579673701926797,40.35467767708604,-3.7412595535534954,676.5474257283055
1771579673801455055,40.3546756953377,-3.7412601368729423,676.5490471834061
1771579673902018584,40.354673711678394,-3.7412607354030873,676.5502752603004
1771579674001471191,40.354671731500424,-3.7412613593582567,676.5520918391023
1771579674101844784,40.3546697533932,-3.7412620183527547,676.5543345474778
1771579674201336103,40.3546677780601,-3.7412627017483024,676.5565966978354
1771579674301810447,40.354665807722625,-3.741263414430663,676.5595890684413
1771579674401423730,40.35466383399401,-3.741264146561801,676.5628172648151
1771579674506889608,40.354661857375554,-3.7412649018673263,676.5652361634129
1771579674601702342,40.354659881858815,-3.7412656839109952,676.5680604428245
1771579674701917723,40.35465817286197,-3.7412663875069976,676.571457429189
1771579674801537420,40.35465621340303,-3.7412672190981437,676.5765830105972
1771579674901803788,40.354654262476906,-3.7412680928209023,676.5803756851036
1771579675001392070,40.35465231906325,-3.741269003589461,676.5836110551069
1771579675101785454,40.35465038073512,-3.74126994649671,676.5868764659502
1771579675201519772,40.35464844838911,-3.7412709131115593,676.5907783207006
1771579675301807297,40.3546465257997,-3.7412719093764943,676.5944754762892
1771579675401355531,40.35464460586675,-3.7412729219410608,676.5986300401047
1771579675506944535,40.35464268859203,-3.7412739694847157,676.6030765413271
1771579675601526362,40.35464077845058,-3.7412750524877367,676.605872316872
1771579675701898533,40.35463895288712,-3.7412762425776704,676.6058525025978
1771579675801512166,40.35463706536902,-3.741277393943135,676.6084363785985
1771579675901901149,40.35463518492123,-3.7412785658651297,676.6112093749479
1771579676001481666,40.3546333196889,-3.7412797759582617,676.6125853621734
1771579676101846291,40.35463146261732,-3.7412810199423365,676.6137707123054
1771579676201400014,40.35462960535006,-3.7412822894440834,676.6158765840895
1771579676301896153,40.35462775269211,-3.741283585673403,676.6183129879411
1771579676401353186,40.354625915059,-3.74128492656847,676.6207153509173
1771579676502125563,40.35462408752866,-3.741286300754966,676.6235331576934
1771579676601658517,40.35462226105696,-3.741287705388265,676.6270147171232
1771579676701886407,40.35462053192524,-3.7412893270893504,676.6301736957705
1771579676801431834,40.35461874162873,-3.7412908050682327,676.6316442443982
1771579676901805040,40.35461695711766,-3.7412923109387983,676.6334200608255
1771579677001483642,40.35461517927493,-3.7412938415871526,676.634778374013
1771579677101902788,40.35461340863726,-3.741295405124619,676.6364628340697
1771579677201542328,40.35461164820027,-3.741297003235894,676.6387700613425
1771579677301829077,40.35460989101703,-3.741298615873443,676.6403818800262
1771579677401365036,40.35460813604444,-3.741300248789549,676.6415530584957
1771579677506969534,40.35460639083864,-3.74130191868434,676.6431184655803
1771579677601569627,40.354604653644294,-3.741303620927938,676.6444223632249
1771579677703539564,40.35460247880763,-3.741306009161304,676.6345946596127
1771579677801381187,40.35460072241374,-3.7413077860351427,676.635096977864
1771579677901942307,40.354598968149496,-3.741309588378556,676.6356609849247
1771579678001427995,40.354597221028804,-3.741311430334816,676.635964837917
1771579678101888790,40.35459547676741,-3.7413132975478205,676.6365810927607
1771579678201441872,40.35459373531582,-3.741315182323997,676.6373358091444
1771579678301893765,40.354591996109114,-3.741317076396455,676.6375956699967
1771579678401449436,40.35459025960551,-3.7413189939678717,676.6378229854786
1771579678502336206,40.35458851839146,-3.7413209291566893,676.6385765038464
1771579678601550025,40.35458677776644,-3.7413228536956353,676.6388793708542
1771579678701930020,40.35458572270829,-3.741324066774362,676.6412769120058
1771579678801539993,40.35458402712166,-3.7413260170809646,676.6406235283746
1771579678901871714,40.35458233222705,-3.741327989093019,676.64210854923
1771579679001413462,40.35458063593282,-3.7413299654290926,676.6428518971612
1771579679101889661,40.354578944360384,-3.7413319540802554,676.6413631028263
1771579679201449955,40.35457725915553,-3.7413339733485556,676.6394332378788
1771579679301931798,40.354575575143535,-3.7413360081625155,676.6379465852408
1771579679401462103,40.35457387962585,-3.741338041179583,676.6372453002891
1771579679507131017,40.35457216923756,-3.7413400584376637,676.6368240291555
1771579679601654119,40.35457043687824,-3.741342069512076,676.6360553033564
1771579679702016576,40.354568551255554,-3.741344111800152,676.6136243065617
1771579679801517775,40.35456683238195,-3.7413461565782757,676.6117718904519
1771579679902024339,40.354565116915175,-3.741348206444765,676.609109627796
1771579680001541174,40.35456339133991,-3.7413502442990874,676.6064882496743
1771579680101904741,40.354561640756955,-3.7413522657283313,676.6038025658834
1771579680201405315,40.354559866210316,-3.7413542785287834,676.6004290308127
1771579680302015510,40.354558084052925,-3.7413562856181546,676.5961891405169
1771579680401429515,40.354556291613534,-3.741358284931667,676.5927180172342
1771579680507344546,40.354554495058956,-3.7413602859985193,676.5892935405706
1771579680601545856,40.35455268038308,-3.741362284624235,676.5861209030146
1771579680701903540,40.354551231875945,-3.741363865074929,676.5975113446563
1771579680801398166,40.35454943023523,-3.741365831781767,676.5957201063109
1771579680901967873,40.354547611447686,-3.7413677658676043,676.5936720704766
1771579681001463570,40.35454578073979,-3.7413696716377745,676.592620544529
1771579681101855422,40.354543943096516,-3.7413715616690855,676.5925810314207
1771579681201374346,40.35454208836299,-3.741373404439595,676.5905829935583
1771579681301805289,40.354540217424855,-3.7413751832824245,676.5865984023037
1771579681401372734,40.35453834093895,-3.7413769298743866,676.5829714056737
1771579681502319681,40.35453646590964,-3.7413786697339377,676.5800000243516
1771579681601523829,40.35453456669205,-3.7413803689432275,676.5770151391215
1771579681701984548,40.35453252846051,-3.741381925310127,676.5817597665197
1771579681801586368,40.35453060559013,-3.74138355849917,676.5784552075678
1771579681902005910,40.354528663196405,-3.7413851598596426,676.5764039307346
1771579682001469888,40.35452670959669,-3.741386730966754,676.5754650176284
1771579682101904089,40.35452474848978,-3.741388277495098,676.574636255664
1771579682201440654,40.35452277634069,-3.741389769393011,676.5734695992365
1771579682301832252,40.354520783882165,-3.741391179404621,676.5731553065577
1771579682401420295,40.35451877824947,-3.7413925345138757,676.5741410205826
1771579682506852886,40.35451676914381,-3.7413938641257025,676.575124921847
1771579682601538266,40.3545147511501,-3.7413951706851427,676.5759949203916
1771579682702006655,40.354512310264646,-3.7413963493243094,676.5850901339548
1771579682801399173,40.35451025600661,-3.7413975389337684,676.5845920571116
1771579682901866168,40.35450819771274,-3.741398692364709,676.5825722974984
1771579683001561527,40.35450613476001,-3.741399823094948,676.580086242622
1771579683101871205,40.35450406467057,-3.7414009041301064,676.5779069666547
1771579683201311156,40.35450197832466,-3.7414019148654556,676.5765168175128
1771579683301779105,40.35449987569706,-3.741402851140345,676.5762011790532
1771579683401380173,40.35449776848116,-3.741403742639878,676.5752130409171
1771579683502257844,40.35449565889398,-3.7414046108729027,676.5737884980407
1771579683601501438,40.35449354975051,-3.7414054473372955,676.5722578899058
1771579683702027561,40.35449104907125,-3.741406281115587,676.5747988979882
1771579683801482622,40.354488896235104,-3.7414069916017088,676.5736214632783
1771579683901890907,40.35448673407723,-3.74140765914654,676.5727779145805
1771579684001397328,40.35448456700589,-3.7414082950128065,676.5713202857776
1771579684101755284,40.35448239264077,-3.7414088841321744,676.5704745384567
1771579684201342956,40.354480217634276,-3.741409413347594,676.5698750774892
1771579684301721882,40.35447804109955,-3.741409880642764,676.5683236342572
1771579684401380328,40.35447585782553,-3.7414103020237355,676.5657994262681
1771579684506742339,40.35447366974724,-3.7414106787161505,676.5633926438431
1771579684601446993,40.354471487884936,-3.7414109913415405,676.5615405216134
1771579684702059122,40.3544690673886,-3.7414116047125505,676.5650535813836
1771579684801338587,40.35446684792775,-3.7414118343129354,676.5647150359752
1771579684901757827,40.354464633334786,-3.7414120108477325,676.5633429425435
1771579685001272762,40.354462425534486,-3.7414121255262978,676.5617183525341
1771579685101723543,40.354460217683304,-3.741412194638979,676.5599374700469
1771579685201286915,40.3544580059701,-3.74141220842303,676.5591853147083
1771579685301743375,40.35445579956523,-3.741412173112009,676.5590279338987
1771579685401299797,40.35445359984364,-3.7414120859880606,676.5581094292378
1771579685507016233,40.35445139897951,-3.741411958163168,676.556840670689
1771579685601426024,40.354449205466494,-3.7414117499020656,676.5554087623262
1771579685702058366,40.35444703453204,-3.7414115616794343,676.5670869437458
1771579685801432977,40.35444483860905,-3.7414112740652974,676.567249359665
1771579685901868082,40.35444264454091,-3.741410925798816,676.5670619779763
1771579686001426042,40.35444045294651,-3.741410508918818,676.5684919904189
1771579686101711964,40.35443826504821,-3.7414100517842606,676.5703631192443
1771579686201277602,40.354436079221024,-3.741409573391344,676.5706985236287
1771579686301779946,40.354433900498485,-3.7414090553488983,676.5703684087092
1771579686401245626,40.35443172829707,-3.7414084869299624,676.5705653900011
1771579686501976909,40.35442956106657,-3.7414078518733453,676.5711074155704
1771579686601406021,40.35442740876084,-3.7414071526025894,676.5700437504336
1771579686701822840,40.354425165123814,-3.74140627570142,676.5733650531047
1771579686801265121,40.35442302252311,-3.741405510790213,676.5717974658636
1771579686901734040,40.35442088798473,-3.741404709197578,676.5695566702561
1771579687001247653,40.35441876601588,-3.7414038641129705,676.566754485198
1771579687101740906,40.35441665051905,-3.741402971995383,676.5642672251608
1771579687201573642,40.354414542892755,-3.741402040460668,676.5612248585809
1771579687301650741,40.35441243993721,-3.7414010621925513,676.5591564114721
1771579687401308677,40.354410342767785,-3.741400029331736,676.5570588755343
1771579687506833358,40.35440825223992,-3.741398952549746,676.5547522417298
1771579687601447779,40.35440617011265,-3.741397827591232,676.5528890328634
1771579687701867680,40.35440419825471,-3.741396608382287,676.5575297391225
1771579687801369216,40.35440213684556,-3.741395408575636,676.5576859363844
1771579687901741219,40.35440008625228,-3.741394188433544,676.557791078731
1771579688001545436,40.354398050362875,-3.7413929325396564,676.5577510162163
1771579688101697805,40.354396032628,-3.7413916259360724,676.5577826348652
1771579688201255536,40.354394027756356,-3.741390286446215,676.5579102078764
1771579688301705373,40.35439202717561,-3.7413889360226866,676.5579114043634
1771579688401267724,40.354390025760146,-3.741387563075875,676.5583741319285
1771579688502108258,40.35438803720933,-3.74138615148498,676.5582338872379
1771579688601604238,40.35438607479775,-3.741384694322632,676.556400443642
1771579688701795485,40.35438426361392,-3.7413832419772026,676.5568100634372
1771579688801266480,40.3543823381295,-3.741381727459702,676.5548846074955
1771579688901773577,40.3543804145802,-3.7413801990685003,676.5549038209131
1771579689001314304,40.354378499664946,-3.7413786588037063,676.556483386071
1771579689101702047,40.35437660910839,-3.7413770870606005,676.5580553496579
1771579689201315309,40.35437473661909,-3.7413754866371405,676.5589522614448
1771579689301706570,40.35437287412173,-3.7413738757462234,676.5597290641296
1771579689401307776,40.35437101412264,-3.7413722759859693,676.5604668591568
1771579689506891906,40.35436917272859,-3.741370653733955,676.5607110922483
1771579689601479264,40.35436735642985,-3.741368985833507,676.5606909602592
1771579689701925122,40.354365794455845,-3.7413671077144395,676.5559658939854
1771579689801363359,40.35436403657717,-3.7413653721221154,676.5565064283422
1771579689901864403,40.35436228018284,-3.741363637025442,676.5571097459226
1771579690001348564,40.354360534972194,-3.7413618886358955,676.5582869460555
1771579690101712427,40.354358807576176,-3.7413601169462054,676.5612046529608
1771579690201284981,40.354357102557856,-3.7413583160656807,676.5653466824436
1771579690301685794,40.35435541712816,-3.7413564966122745,676.5693719188606
1771579690401271535,40.354353742239915,-3.74135467581703,676.5725436850803
1771579690506689765,40.35435208002126,-3.741352851157347,676.5762432044853
1771579690601363656,40.35435043887952,-3.7413510056789168,676.5813551921578
1771579690701833483,40.35434883138885,-3.7413489841638268,676.5806536790557
1771579690801218502,40.3543472533558,-3.7413470842184933,676.5838682780782
1771579690901648963,40.35434568433829,-3.741345180634024,676.5862284607297
1771579691001279098,40.35434411999328,-3.741343271449593,676.5882616715616
1771579691101842835,40.354342563364426,-3.7413413455842073,676.5916044328396
1771579691201259220,40.35434102491658,-3.741339397203689,676.5951955841889
1771579691301656643,40.35433950783588,-3.741337425588901,676.5983050181015
1771579691401286186,40.35433801033066,-3.741335433350008,676.6011166364133
1771579691502339438,40.35433652572814,-3.741333433799495,676.6035995992409
1771579691601454684,40.35433506820729,-3.741331424966821,676.6059065912019
1771579691701778457,40.354333433043664,-3.7413291593824787,676.5950467753092
1771579691801408284,40.35433198655406,-3.7413270938424774,676.5970535843811
1771579691901824990,40.35433054273733,-3.7413250149497173,676.5999579780745
1771579692001310382,40.354329105177726,-3.7413229311106475,676.6021906412481
1771579692101715011,40.354327691694586,-3.741320834962922,676.6029634066886
1771579692201228585,40.354326315072,-3.741318713828006,676.6036704003801
1771579692301662533,40.354324964612545,-3.7413165763615455,676.6041254236264
1771579692401267785,40.354323621921466,-3.741314426036278,676.6047749042524
1771579692506731018,40.35432228305918,-3.7413122718910783,676.6053294106151
1771579692601409924,40.35432096845754,-3.741310104076251,676.6060014749205
1771579692702065643,40.35431963169984,-3.741307936830084,676.6009690730184
1771579692801219163,40.35431833451572,-3.7413057191247105,676.6033828445885
1771579692901674871,40.354317055465856,-3.741303482953117,676.6037950358445
1771579693001253436,40.354315777557474,-3.7413012447789247,676.602766941651
1771579693101638880,40.35431450057945,-3.741299000024175,676.6021615184937
1771579693201269555,40.35431322196155,-3.7412967461112987,676.6031705766073
1771579693301657239,40.354311966492475,-3.7412944538573085,676.6059829650394
1771579693401452888,40.35431073522978,-3.741292132770056,676.6094365515235
1771579693502189160,40.35430951327795,-3.7412898049986305,676.6121215666051
1771579693601367254,40.35430830877306,-3.741287465550997,676.6146266943038
1771579693701840692,40.354307093457464,-3.7412850125851294,676.6135390116517
1771579693801450491,40.354305911141005,-3.7412826431498596,676.6160015849503
1771579693901721513,40.354304754198104,-3.741280256821953,676.6184193866878
1771579694001471809,40.35430362161571,-3.7412778565624896,676.6193917766657
1771579694101661441,40.35430249665193,-3.74127544954151,676.6196323393456
1771579694201210450,40.35430137763246,-3.741273027265527,676.6212741995221
1771579694301766625,40.3543002692628,-3.7412705982289496,676.6222052106278
1771579694401296697,40.35429917352469,-3.7412681554486413,676.6227704842371
1771579694506754228,40.35429810139225,-3.741265688291358,676.6232202619299
1771579694601427827,40.354297061635314,-3.7412632002497266,676.6230382995711
1771579694701841779,40.35429614262508,-3.741260609707432,676.6182405633887
1771579694801207339,40.35429512011946,-3.741258094691747,676.6189404057379
1771579694901625452,40.35429411059229,-3.7412555668704313,676.6199529570873
1771579695001261976,40.35429311890479,-3.74125301567122,676.6216735394097
1771579695101655153,40.35429214812835,-3.7412504421446253,676.6231065989298
1771579695201396194,40.3542911928577,-3.741247855258414,676.6241906615616
1771579695301636107,40.35429025675904,-3.7412452523893243,676.6250715207634
1771579695401272971,40.354289341164645,-3.7412426302186117,676.6258729279825
1771579695506933842,40.354288443263826,-3.741239990598891,676.6266191450209
1771579695601521009,40.35428756680514,-3.7412373380978936,676.6268275995835
1771579695701824152,40.354286887217974,-3.7412345850557993,676.6221490099371
1771579695801415107,40.35428604046278,-3.741231902847842,676.6225659892001
1771579695901771829,40.35428520963469,-3.741229206021702,676.6230529967837
1771579696001256854,40.35428441345179,-3.7412264835140983,676.6236967000751
1771579696101645590,40.3542836348917,-3.7412237435503024,676.6243437199022
1771579696201192528,40.35428287458096,-3.741220992256018,676.6235260080974
1771579696301654222,40.35428212862235,-3.7412182402780343,676.6224132390138
1771579696401225835,40.354281399233734,-3.741215490164607,676.6226174407005
1771579696502048380,40.3542806943301,-3.7412127324142124,676.6228809546097
1771579696601381468,40.35428002251577,-3.741209959378709,676.6223969525432
1771579696701942446,40.35427943098062,-3.741207187549652,676.6227545136477
1771579696801203237,40.35427879029281,-3.741204405150861,676.6223062381262
1771579696901656685,40.3542781603282,-3.7412016151395333,676.6228131205647
1771579697001240420,40.35427755374614,-3.7411988135572947,676.622663304572
1771579697101636771,40.35427698802295,-3.741195999839571,676.6221111377711
1771579697201205954,40.35427644791781,-3.7411931858594962,676.6198117348656
1771579697301635956,40.35427591562513,-3.741190364665352,676.6176376015667
1771579697401425806,40.35427538958407,-3.74118753724375,676.617448144848
1771579697506814604,40.35427489049433,-3.741184703848166,676.6186250269968
1771579697601436534,40.35427443071694,-3.7411818658046685,676.6195249504387
1771579697701821663,40.35427410971962,-3.7411791303812816,676.6221655882919
1771579697801345330,40.35427369958576,-3.741176292185861,676.6213372551446
1771579697901719161,40.35427330052457,-3.7411734524787317,676.6211288162575
1771579698001401541,40.3542729140961,-3.741170609553126,676.6217835081848
1771579698101902910,40.35427254619148,-3.741167767586079,676.6217541575845
1771579698201221042,40.35427221558891,-3.7411649117460075,676.6217216834164
1771579698301643959,40.35427191646645,-3.7411620481769137,676.6214307134787
1771579698401261689,40.354271630612914,-3.741159187955514,676.6206384307293
1771579698506662171,40.35427134863621,-3.741156325283562,676.6210837491692
1771579698601514887,40.35427109804649,-3.7411534502618786,676.6219334334912
1771579698701748330,40.35427105558214,-3.7411506571666124,676.6235403110371
1771579698801245423,40.354270870957784,-3.7411477768998145,676.6248162697768
1771579698901662991,40.35427070005585,-3.7411448930972755,676.6256197078121
1771579699001207113,40.35427054198471,-3.7411420054953317,676.6254785021181
1771579699101655870,40.35427040826181,-3.741139114899468,676.6260600793645
1771579699201315620,40.35427030140059,-3.741136228671684,676.6269558470984
1771579699301703716,40.354270222363276,-3.741133351263222,676.6266337047471
1771579699401212868,40.35427016122436,-3.741130472243987,676.6263226224286
1771579699502156115,40.354270114132845,-3.741127589042383,676.6256236622193
1771579699601399128,40.354270098767586,-3.741124704887354,676.6254289973689
1771579699701788452,40.35427017805615,-3.7411217857093844,676.6242271304635
1771579699801280038,40.354270223716185,-3.741118908704377,676.6225610630512
1771579699901637862,40.354270293483545,-3.7411160301456214,676.6206876286388
1771579700001248282,40.354270370452625,-3.741113150872462,676.6193796078734
1771579700101678866,40.354270456439025,-3.7411102713945024,676.6184958186379
1771579700201164831,40.35427056393811,-3.7411073944121376,676.6176353741638
1771579700301638122,40.35427071613659,-3.7411045240656184,676.616594531734
1771579700401150931,40.35427089110443,-3.741101649640856,676.6165980357508
1771579700506627377,40.35427107123158,-3.74109877717493,676.6166725252423
1771579700601714678,40.35427126178593,-3.7410959146945824,676.6158595582566
1771579700701755602,40.354271541035054,-3.7410931129145144,676.6175567008954
1771579700801212982,40.35427179023367,-3.741090269711339,676.6190185295424
1771579700901641484,40.35427206735165,-3.7410874345928242,676.6201976672694
1771579701001420524,40.354272353608316,-3.7410846098828667,676.6205050199933
1771579701101698771,40.35427266640571,-3.7410817933950393,676.6207430421595
1771579701201282723,40.35427299534728,-3.7410789743574018,676.6211226862555
1771579701301676598,40.35427333968859,-3.741076158632672,676.6218817535813
1771579701401197204,40.35427369910081,-3.7410733552597133,676.6228185633071
1771579701502307546,40.3542740818594,-3.7410705592310554,676.6233156444819
1771579701601421602,40.35427449289701,-3.741067768741399,676.6241159079751
1771579701701919421,40.354274824034825,-3.7410650604836935,676.6310856451755
1771579701801339904,40.35427524264469,-3.7410622875979174,676.6340232003805
1771579701901760689,40.35427568478305,-3.7410595260976782,676.6367914462079
1771579702001239303,40.35427616364491,-3.7410567781943724,676.6387837879289
1771579702101626623,40.35427667435577,-3.741054047210327,676.6408042578663
1771579702201195011,40.35427720563656,-3.7410513248066497,676.6435902698997
1771579702301695261,40.35427774345551,-3.7410486038308575,676.6451189711347
1771579702401259223,40.35427829618702,-3.7410458865892537,676.6460861890888
1771579702506638892,40.35427886833917,-3.741043175724833,676.6482900473812
1771579702601371502,40.35427947046983,-3.741040479314748,676.6501856990035
1771579702701888295,40.35428005385161,-3.741037657914324,676.6514321550371
1771579702801208516,40.35428068012777,-3.7410349676610575,676.6528338400632
1771579702901761450,40.35428133090724,-3.741032296602251,676.6545981881682
1771579703001198228,40.35428200578945,-3.741029640412373,676.6570556226905
1771579703101586246,40.35428270628717,-3.741027002105938,676.6586754448205
1771579703201228811,40.35428342586061,-3.7410243794983664,676.659961464459
1771579703301802415,40.354284164217816,-3.7410217778948005,676.661082788995
1771579703401277416,40.35428491665642,-3.7410191916683826,676.6622489443198
1771579703507183435,40.35428567852572,-3.741016608428611,676.6631266875529
1771579703601623963,40.354286477531055,-3.7410140474161353,676.6631921743976
1771579703701882333,40.35428745778762,-3.7410115189782545,676.6628014166682
1771579703801421639,40.354288315984384,-3.741008982170254,676.6644542125401
1771579703901921869,40.354289194147114,-3.7410064571239667,676.665168395317
1771579704001364138,40.35429009568416,-3.7410039421917904,676.6662129832592
1771579704101701357,40.35429101685726,-3.7410014424306883,676.6676702822781
1771579704201323442,40.35429195930774,-3.740998959863819,676.6696908197633
1771579704301730222,40.35429291645759,-3.7409964846494677,676.6721021735527
1771579704401467685,40.35429387940717,-3.7409940194965072,676.6747007403843
1771579704502219557,40.35429486436633,-3.7409915797589757,676.6774322999643
1771579704601489692,40.35429589056578,-3.7409891778361355,676.6797476865383
1771579704701899597,40.35429699502277,-3.740986969353886,676.6831401371863
1771579704801488869,40.354298057922115,-3.7409846096075894,676.684492688039
1771579704902029419,40.35429913145208,-3.7409822693046384,676.6852395795253
1771579705001326586,40.35430021772878,-3.7409799423831838,676.6861242248541
1771579705101830479,40.354301333586356,-3.7409776380079833,676.6875843137661
1771579705201377338,40.3543024663697,-3.7409753471897007,676.6895380318373
1771579705301735095,40.35430361560014,-3.740973069338608,676.6912724168201
1771579705401340707,40.35430478102937,-3.7409708026009185,676.6926249961159
1771579705506877506,40.354305959146025,-3.7409685434495357,676.6947897305038
1771579705601573627,40.35430716762628,-3.7409663040663697,676.6979373376793
1771579705701937536,40.354308473347515,-3.740964151235958,676.6991399267489
1771579705801562069,40.35430972894224,-3.740961965385003,676.7018894442018
1771579705901928828,40.35431099727969,-3.740959790368622,676.7038527331177
1771579706001481316,40.35431228937709,-3.740957623048929,676.7069001683701
1771579706101839691,40.35431360324603,-3.7409554778805063,676.7097047334074
1771579706201481881,40.354314941062746,-3.740953367787254,676.7118447526831
1771579706301914665,40.354316292587335,-3.7409512689621263,676.7140422294746
1771579706401336079,40.354317653849975,-3.740949180891537,676.7158271293373
1771579706502159395,40.35431902947565,-3.740947095994745,676.717671396665
1771579706601527757,40.354320423197315,-3.7409450197961074,676.7189979858235
1771579706702023029,40.35432193487168,-3.7409429295213528,676.7220957165503
1771579706801242038,40.35432336591721,-3.7409408827295665,676.7248756349445
1771579706901874340,40.35432482107192,-3.740938864588726,676.7275209653582
1771579707001286091,40.354326297121915,-3.7409368668099625,676.7301342076129
1771579707101670529,40.35432779013117,-3.740934887989429,676.7318389941474
1771579707201336343,40.35432930210287,-3.7409329340208575,676.7332617939627
1771579707301878250,40.35433084317687,-3.740931010711302,676.7354742834601
1771579707401273772,40.354332402338436,-3.7409291038546786,676.7374264358189
1771579707506856323,40.354333964000844,-3.7409271963496735,676.7393649056652
1771579707601575608,40.35433552085264,-3.74092529113586,676.7404854270328
1771579707702010979,40.35433709756308,-3.7409232894354485,676.7380916306809
1771579707801450754,40.35433868635533,-3.7409214212223825,676.7391386190155
1771579707901873204,40.354340306664064,-3.740919594221483,676.7402669265243
1771579708001361705,40.354341944464615,-3.7409177891278427,676.7411444680322
1771579708101568420,40.354343592385575,-3.740915993666028,676.7420592413283
1771579708201192829,40.35434525002829,-3.740914210800215,676.7424968011376
1771579708301680220,40.35434692594776,-3.74091245705143,676.742630397218
1771579708401174802,40.3543486220362,-3.7409107258394325,676.7430466676282
1771579708506633727,40.35435033358913,-3.740909008520767,676.7434328775171
1771579708601465315,40.354352056819494,-3.740907299254565,676.744323680389
1771579708701756461,40.35435366533357,-3.740905637465421,676.7478679559651
1771579708801224525,40.354355394304406,-3.7409039506642117,676.7508362849713
1771579708901729854,40.354357137731974,-3.740902292358595,676.7540397846783
1771579709001234233,40.354358894959816,-3.740900666032543,676.7570317399658
1771579709101759720,40.3543606578648,-3.7408990646324365,676.759140105267
1771579709201578900,40.35436243215579,-3.740897491293596,676.760735997086
1771579709301798279,40.354364228223844,-3.7408959455019297,676.7631887191761
1771579709401281536,40.35436604849867,-3.740894432194144,676.7662441480645
1771579709502172355,40.354367873515805,-3.7408929370330855,676.7680606460468
1771579709601479704,40.35436971225778,-3.740891464510448,676.7683701348341
1771579709701849249,40.35437147871748,-3.7408900214497023,676.7644123952365
1771579709801452520,40.35437333940745,-3.7408885994380063,676.765746246915
1771579709901765861,40.35437522052964,-3.740887218621186,676.7677142337864
1771579710001431336,40.3543771111728,-3.74088585735472,676.7690297773527
1771579710101657906,40.35437900381652,-3.740884492730385,676.7704668051828
1771579710201340071,40.35438090502746,-3.740883136552334,676.7737651390304
1771579710301738272,40.35438282024399,-3.740881804877012,676.7777283739251
1771579710401279313,40.35438475393176,-3.7408805263281457,676.7804617644625
1771579710506752250,40.35438670174981,-3.740879301097502,676.7811417756958
1771579710601406674,40.354388668349195,-3.740878114830485,676.7807790944415
1771579710701983907,40.354390671067776,-3.740877061393047,676.7752248368508
1771579710801276701,40.354392643153794,-3.7408758949714573,676.7761965107693
1771579710901639979,40.35439463151676,-3.7408747660898545,676.7769484000569
1771579711001246715,40.35439663615536,-3.7408736795720943,676.7778413777419
1771579711101742296,40.354398648367045,-3.7408726246890653,676.7776165844095
1771579711201217415,40.35440066864248,-3.7408715843271727,676.7766903127962
1771579711301725316,40.35440270415154,-3.7408705629214793,676.7773554280013
1771579711401227652,40.35440475036424,-3.740869565458197,676.7784390625138
1771579711502208922,40.35440681408784,-3.7408685932362067,676.7793428741751
1771579711601371068,40.35440889549317,-3.7408676733515827,676.7795134690974
1771579711701858145,40.354411006411674,-3.74086695471257,676.7789589996642
1771579711801317959,40.35441309690062,-3.740866094191938,676.7793798951726
1771579711901776091,40.35441519466606,-3.7408652451955478,676.7797006223351
1771579712001284184,40.354417301456486,-3.7408644187589655,676.7794959368649
1771579712101755628,40.35441942056221,-3.740863619477521,676.7793691067342
1771579712201172104,40.354421551776326,-3.740862849445731,676.7796586356901
1771579712301690596,40.35442369214957,-3.7408621053820648,676.7798025650867
1771579712401264211,40.35442584150233,-3.7408613997856235,676.7793338420717
1771579712506654545,40.354427995155056,-3.7408607119763126,676.7776044485842
1771579712601352948,40.35443015807176,-3.7408600554640485,676.7754105894895
1771579712701861536,40.354432402700375,-3.740859487398141,676.778960984314
1771579712801174986,40.354434590758125,-3.7408589099658762,676.7786964547831
1771579712901839768,40.35443679203201,-3.740858358579529,676.7793134470139
1771579713001227100,40.35443900066497,-3.7408578191253063,676.7802609305369
1771579713101605701,40.35444121148426,-3.740857301289807,676.7810528431688
1771579713201403036,40.35444342976404,-3.7408568260134842,676.7815514335964
1771579713301680189,40.35444565266014,-3.7408563991732002,676.7814673122629
1771579713401218130,40.35444787647065,-3.7408560023259754,676.780933043619
1771579713506769868,40.35445010731155,-3.7408556246644684,676.7807950009051
1771579713601337460,40.35445234344359,-3.7408552862269753,676.7805001277745
1771579713701716554,40.35445464808269,-3.740855052983625,676.7825529974913
1771579713801328508,40.35445689651314,-3.7408548042127636,676.7820625220005
1771579713901797571,40.35445914676342,-3.740854584380975,676.7813079617223
1771579714001303521,40.35446140057054,-3.740854394869708,676.7801436976002
1771579714101709770,40.354463657919005,-3.7408542437083065,676.7789928616171
1771579714201178418,40.354465919300594,-3.740854139012847,676.7780382823852
1771579714301655308,40.35446818064509,-3.7408540481761583,676.7768103318637
1771579714401193412,40.35447044327292,-3.7408539631554043,676.7758185094168
1771579714501885786,40.35447271163066,-3.740853905604244,676.7754959281071
1771579714601402863,40.354474980548105,-3.7408539240351675,676.774847775906
1771579714701893292,40.35447734927562,-3.740854054293468,676.7777510705275
1771579714801150700,40.35447962984613,-3.740854171580396,676.7765367474047
1771579714901642812,40.35448191071744,-3.7408542982733666,676.7752747987518
1771579715001167143,40.354484195442595,-3.7408544524680796,676.7747591767475
1771579715101612978,40.354486476916705,-3.7408546556997777,676.7737529262649
1771579715201187817,40.35448875278957,-3.740854906108565,676.7724832272809
1771579715301770259,40.354491029908836,-3.7408551744500405,676.7710972185347
1771579715401214112,40.354493312539454,-3.740855450153237,676.770452866165
1771579715506767583,40.35449559411093,-3.7408557483751412,676.7710240243131
1771579715601279242,40.354497862880834,-3.7408561186655938,676.7709371581284
1771579715701735645,40.35450010324732,-3.7408565608162943,676.7806110505687
1771579715801298047,40.35450235581197,-3.7408570407303756,676.7790482655503
1771579715901701081,40.354504607469124,-3.7408575442411527,676.7777136913242
1771579716001369533,40.35450685774527,-3.740858072476005,676.7773500322791
1771579716101645346,40.35450909822473,-3.74085864943605,676.776312931931
1771579716201161899,40.35451133504946,-3.7408592756162813,676.7750839979182
1771579716301621564,40.35451356876322,-3.7408599447829887,676.7742675553242
1771579716401182594,40.3545157996736,-3.740860649489503,676.7731353071243
1771579716501922253,40.35451802451414,-3.740861396315871,676.7723983647235
1771579716601350474,40.35452024484807,-3.7408621829525055,676.772270308179
1771579716701636534,40.35452251806854,-3.7408632531713253,676.7708701911724
1771579716801157519,40.35452472750213,-3.7408641165083516,676.7697423730202
1771579716901657517,40.35452692800416,-3.7408650319714725,676.7686939579582
1771579717001149993,40.35452912020238,-3.7408659952374332,676.767888538874
1771579717101598264,40.35453130958438,-3.7408670048998576,676.7677550076945
1771579717201327836,40.35453348943451,-3.74086803754488,676.7666742823988
1771579717301594805,40.354535662459654,-3.740869097301905,676.7655113606513
1771579717401161547,40.354537830574195,-3.740870202823245,676.764373381213
1771579717506689680,40.35453998499004,-3.740871356143661,676.7622034361159
1771579717601406112,40.35454213079398,-3.7408725358530024,676.7599038666197
1771579717701721852,40.35454435041849,-3.7408738504415466,676.7549892078491
1771579717801350613,40.354546504083984,-3.7408750742014316,676.7540595624789
1771579717901752730,40.35454864865614,-3.740876332928737,676.7528743923737
1771579718001207067,40.35455078391339,-3.7408776205752874,676.7515639305562
1771579718101643402,40.354552904913525,-3.7408789494930472,676.7500803176713
1771579718201182102,40.354555014188335,-3.7408803194825735,676.7480876775328
1771579718301555652,40.35455711868279,-3.7408817296509276,676.7468421847304
1771579718401164154,40.35455921709807,-3.740883165270028,676.7460088394824
1771579718506599672,40.35456129140781,-3.7408846330845003,676.7437438318823
1771579718601306817,40.354563346150606,-3.740886149542645,676.7413602197704
1771579718701951683,40.35456531495949,-3.7408875272158926,676.7328889449959
1771579718801285714,40.35456734824043,-3.740889091485071,676.7312705836435
1771579718901724102,40.35456936816789,-3.740890689475563,676.7300756662863
1771579719001133034,40.35457136730379,-3.740892326308047,676.7287909426398
1771579719101681255,40.35457334614477,-3.740893998386228,676.7276340358169
1771579719201162606,40.354575311690084,-3.7408956941810954,676.7259367050356
1771579719301579773,40.35457725455211,-3.7408974204856995,676.7226892473903
1771579719401143170,40.35457917729797,-3.7408991860559606,676.7199245999228
1771579719502072619,40.35458108254554,-3.7409009932769797,676.7191604445726
1771579719601541425,40.35458296872633,-3.7409028371084734,676.7175603864723
1771579719701701329,40.354584644501834,-3.740904646435305,676.7145192123068
1771579719801256179,40.35458649878422,-3.740906530759725,676.7125625891092
1771579719901661289,40.35458833452413,-3.740908443897981,676.7105596934055
1771579720001178198,40.35459014303893,-3.7409104011573566,676.7086559531788
1771579720101831588,40.35459191876352,-3.740912397961766,676.7065665378689
1771579720201243187,40.35459368279275,-3.740914405150923,676.7043039434175
1771579720301694089,40.354595439280025,-3.7409164339610497,676.703488393916
1771579720401309420,40.354597181142054,-3.7409184770496533,676.70282625402
1771579720506514140,40.35459888724056,-3.740920550337798,676.7019468978679
1771579720601423094,40.35460057204626,-3.7409226569568514,676.7006555503957
1771579720701731369,40.35460224612186,-3.7409248317018,676.6912141772917
1771579720801335919,40.35460390617768,-3.740926956309464,676.6893202526086
1771579720901661061,40.35460555773435,-3.74092909378181,676.6868765417026
1771579721001289681,40.35460718851308,-3.740931260391844,676.6842513665324
1771579721101682593,40.354608796310636,-3.7409334495413242,676.6825991908613
1771579721201289314,40.354610387166026,-3.7409356598899883,676.6813850608529
1771579721301669997,40.35461196191127,-3.740937888750572,676.6796450267266
1771579721401304405,40.354613516552064,-3.7409401339916775,676.6767045547051
1771579721502116121,40.354615055714746,-3.7409424027984497,676.6757482168047
1771579721601485918,40.35461658847058,-3.7409446822733097,676.674866152495
1771579721701760521,40.354618193734595,-3.74094695493671,676.6703949456197
1771579721801392155,40.35461972026704,-3.740949246242709,676.6684839486408
1771579721901715603,40.35462123561437,-3.7409515452180595,676.6658744148452
1771579722001192863,40.354622736182996,-3.7409538572958203,676.6630550926913
1771579722101722300,40.354624227676325,-3.7409561840674925,676.6612706418847
1771579722201122106,40.354625708039826,-3.740958526254725,676.660483581048
1771579722301775270,40.35462717327312,-3.7409608798896086,676.6598614137976
1771579722401122040,40.35462862326094,-3.7409632451578863,676.6580943603193
1771579722506583757,40.35463007241847,-3.7409656251274663,676.6564526943743
1771579722601249016,40.35463151545638,-3.740968012064969,676.654654649051
1771579722702051552,40.354633104624455,-3.7409703578948696,676.6533251153348
1771579722801071262,40.354634544602206,-3.7409727496035674,676.6513355179825
1771579722901750185,40.35463597904691,-3.7409751521634256,676.6494170110899
1771579723001086940,40.35463740703019,-3.7409775634032485,676.6481395971573
1771579723101727027,40.35463883095456,-3.740979981397923,676.6469831592008
1771579723201094001,40.35464023748595,-3.7409824166612027,676.6457443273113
1771579723301747668,40.35464162635272,-3.7409848617311763,676.6445068606619
1771579723401276867,40.35464299872954,-3.740987326559527,676.6438193534759
1771579723506752931,40.35464437161424,-3.740989789757352,676.641751263283
1771579723601527143,40.35464574358233,-3.7409922454579903,676.6387481965685
1771579723701937567,40.354647145870004,-3.7409947217523074,676.6334952730199
1771579723801242904,40.354648517433226,-3.7409971928891133,676.633298090115
1771579723901838218,40.35464987131795,-3.7409996766723683,676.6324681920311
1771579724001165228,40.35465122593984,-3.7410021577073254,676.6312162409608
1771579724101971072,40.35465258852342,-3.7410046309712164,676.6295043646094
1771579724201155191,40.354653941102775,-3.7410071062557178,676.6274102463128
1771579724301556887,40.35465528486026,-3.7410095868212387,676.6261455184598
1771579724401085301,40.35465662034743,-3.7410120770502435,676.6247131005587
1771579724501976776,40.35465795417346,-3.741014570203669,676.6224941270675
1771579724601412795,40.354659269695865,-3.7410170700193137,676.6196317711779
1771579724701784415,40.35466060831529,-3.741019529733153,676.6177055695374
1771579724801114287,40.35466193434264,-3.74102203729691,676.6164123211387
1771579724901563382,40.35466326014613,-3.7410245398469173,676.6147354809419
1771579725001118321,40.354664595102804,-3.741027039937436,676.6130140216333
1771579725101584731,40.35466593360865,-3.741029538867369,676.6110796503452
1771579725201051359,40.3546672674471,-3.7410320426817028,676.6089505421028
1771579725301592499,40.354668605677304,-3.7410345569646744,676.6080223281393
1771579725401016720,40.354669947613964,-3.7410370759090448,676.6070471936616
1771579725506774283,40.35467129524653,-3.7410395963316723,676.6052304922118
1771579725601215895,40.35467263193898,-3.741042119190569,676.6026579654246
1771579725701662882,40.35467395139273,-3.7410446175720433,676.6090947722089
1771579725801228715,40.35467529490515,-3.741047140112903,676.6064503922391
1771579725901703353,40.35467664742253,-3.7410496589634237,676.6037316675073
1771579726001086695,40.35467801071247,-3.7410521759409336,676.6009036011451
1771579726101467943,40.35467937264048,-3.7410546960915276,676.5977829355636
1771579726201083466,40.3546807348751,-3.7410572195195337,676.5948495556379
1771579726301507898,40.35468211009598,-3.741059739825238,676.5918243538674
1771579726401076595,40.35468349577656,-3.741062254813666,676.5881632754938
1771579726501842758,40.35468488627676,-3.7410647668750134,676.5838052413031
1771579726601276518,40.35468626334711,-3.7410672919259773,676.5797101504702
1771579726702054919,40.354687549303826,-3.7410697177843955,676.5718437371439
1771579726801097728,40.354688958016396,-3.74107222725851,676.5689728710105
1771579726901557832,40.354690376700376,-3.741074725847029,676.5658871870478
1771579727001125728,40.35469179653273,-3.7410772296788064,676.5627680278905
1771579727101525914,40.354693216633585,-3.74107973835594,676.5591924142755
1771579727200996738,40.35469464348379,-3.7410822461675455,676.5558583440926
1771579727301454470,40.35469608317469,-3.741084744378223,676.5525512596232
1771579727401071543,40.35469753049475,-3.7410872354056894,676.549004648427
1771579727506794256,40.35469899545969,-3.741089709359473,676.5453710896448
1771579727601280162,40.35470046349496,-3.7410921865836544,676.5421535547731
1771579727701643814,40.354701893982345,-3.74109456586041,676.540011911456
1771579727801129659,40.35470337482046,-3.7410970267388164,676.5361879240743
1771579727901602481,40.35470486848941,-3.7410994864559526,676.5326442063146
1771579728001054928,40.354706372750464,-3.741101942187193,676.529016570132
1771579728101699386,40.35470788404885,-3.741104390693491,676.5248527323049
1771579728201096425,40.35470940237369,-3.741106842345805,676.5207880420552
1771579728301637913,40.3547109426311,-3.741109282196019,676.5169478208527
1771579728401188342,40.35471250344465,-3.741111704701591,676.5135859540013
1771579728506605663,40.3547140799094,-3.7411141166825193,676.5108273891381
1771579728601345567,40.354715653736015,-3.741116527400898,676.5069780235724
1771579728701694762,40.35471724134218,-3.741118940994009,676.5086391284432
1771579728801138043,40.35471884943992,-3.7411213297522616,676.5061339311222
1771579728901589356,40.35472047742809,-3.741123695471109,676.5028143045008
1771579729001170780,40.354722126417286,-3.741126044686026,676.4993092817671
1771579729101670799,40.35472379070407,-3.7411283795306787,676.4960616911548
1771579729201194952,40.35472547055598,-3.7411306915212803,676.4923142555408
1771579729301650256,40.35472717207844,-3.7411329787882392,676.4882969657625
1771579729401148112,40.354728901323625,-3.7411352266900653,676.4840510209799
1771579729502085015,40.35473064420329,-3.741137447138652,676.480010795922
1771579729601297207,40.354732390906904,-3.7411396472031724,676.4759181425736
1771579729701912182,40.354734048683916,-3.7411418496571396,676.4743916332064
1771579729801359151,40.35473581945707,-3.741143988139244,676.4698581202603
1771579729901654235,40.35473761007116,-3.7411460894195665,676.4657538408695
1771579730001151585,40.3547394140481,-3.7411481591479876,676.46187354175
1771579730101565254,40.35474123377855,-3.741150213484912,676.4590513740877
1771579730201089173,40.35474307542121,-3.7411522249521942,676.4560739956345
1771579730301580161,40.3547449327013,-3.741154189941385,676.4532492176519
1771579730401190539,40.35474681305664,-3.7411561032055993,676.4513702429052
1771579730506624572,40.35474870944822,-3.741157985284014,676.4496104060626
1771579730601326348,40.3547506288537,-3.74115983078689,676.4477143021827
1771579730701725039,40.35475224378485,-3.7411615066388793,676.4505725102117
1771579730801098817,40.354754180663406,-3.741163245652553,676.4486442715742
1771579730901672785,40.35475614078197,-3.741164934774937,676.4466517707438
1771579731001201624,40.3547581188515,-3.741166588683872,676.444978181609
1771579731101795437,40.354760104249955,-3.7411682143372413,676.443350296414
1771579731201238342,40.35476211121367,-3.7411697939255633,676.4420984343245
1771579731301593217,40.354764136249855,-3.7411713193104523,676.4408779978253
1771579731401234370,40.354766173522634,-3.7411728008758773,676.4396048851839
1771579731502181958,40.354768210504254,-3.741174257101318,676.4376790928603
1771579731601312339,40.35477026759585,-3.7411756673562393,676.4356096202004
1771579731701763105,40.35477234048817,-3.7411766510739772,676.4274275515655
1771579731801574079,40.35477441447358,-3.7411779233041753,676.4256089429657
1771579731901603777,40.35477650480403,-3.7411791580247864,676.4247723913232
1771579732001156236,40.35477860531609,-3.7411803440447335,676.4223381325223
1771579732101556099,40.35478071375748,-3.741181483754814,676.4182726555271
1771579732201129632,40.35478283555899,-3.7411825892247648,676.4137868819691
1771579732301600763,40.354784970306,-3.7411836727129906,676.4104204098759
1771579732401115455,40.35478711603018,-3.741184716308805,676.4074904490778
1771579732506693134,40.35478927788735,-3.7411857046947428,676.4047840338114
1771579732601238890,40.354791459851896,-3.741186643126899,676.4026038481041
1771579732701618632,40.35479363466777,-3.741187236044067,676.4003780481925
1771579732801062682,40.354795839026416,-3.741188067351548,676.3998319443962
1771579732901535361,40.35479805036379,-3.7411888503498587,676.3996091568594
1771579733001069522,40.35480027278179,-3.741189576553183,676.3986461398413
1771579733101386199,40.354802511197626,-3.741190237524074,676.396538000973
1771579733200975781,40.354804767182095,-3.7411908453917557,676.3938904994959
1771579733301533962,40.35480704091834,-3.7411914166464393,676.3907513296188
1771579733400980705,40.35480932620442,-3.7411919488044822,676.3881391797277
1771579733506605733,40.354811624322,-3.7411924498968996,676.3867267626102
1771579733601176142,40.35481393040712,-3.741192929125276,676.3856116536108
1771579733701619141,40.354816116972785,-3.7411933303865657,676.3743405875373
1771579733801138486,40.354818430301094,-3.7411937343957953,676.3711252583142
1771579733901531612,40.35482074994856,-3.741194094203256,676.368985986005
1771579734001054550,40.35482307637167,-3.7411944204608734,676.3678467091967
1771579734101488747,40.35482540555427,-3.741194721129568,676.3657954085006
1771579734201025487,40.354827742449295,-3.7411950041366926,676.364113542608
1771579734301548923,40.35483007517076,-3.74119525415774,676.3614091619133
1771579734401009934,40.35483240796509,-3.741195469975048,676.3575752049597
1771579734501801594,40.35483474705139,-3.741195671633307,676.3540527300725
1771579734601170976,40.35483707975494,-3.7411958812843817,676.3512407818633
1771579734701730747,40.354839042492294,-3.7411964462021423,676.3481581456557
1771579734801164600,40.354841365268946,-3.7411966638770955,676.3463724027577
1771579734901543679,40.354843687337265,-3.7411968781048004,676.3458446045599
1771579735001061135,40.35484600377847,-3.7411970773274232,676.3455436197021
1771579735101537461,40.35484831336713,-3.741197270716565,676.345163958506
1771579735201121992,40.35485062161982,-3.7411974276448583,676.3434440587392
1771579735301561171,40.35485292177327,-3.7411975539310274,676.3418944602608
1771579735401117180,40.35485522414891,-3.7411976868288424,676.3420054024243
1771579735506686320,40.354857537297946,-3.7411978327902884,676.3414129843562
1771579735601352603,40.35485986374463,-3.7411979523141032,676.3406161565123
1771579735701749808,40.35486223282145,-3.7411983930747024,676.3339713868833
1771579735801195896,40.35486454041401,-3.7411985257688514,676.3322584755092
1771579735901595578,40.35486684153413,-3.741198680473525,676.330514869866
1771579736001139523,40.35486914208183,-3.741198825751244,676.328896413841
1771579736101510933,40.354871442230646,-3.7411989596975954,676.3286233174932
1771579736201096857,40.35487374410939,-3.7411990461484814,676.328621937598
1771579736301473935,40.35487603239383,-3.7411991024361098,676.3282806251113
1771579736400995197,40.3548783118109,-3.741199194063981,676.3289873332538
1771579736501799166,40.354880580980264,-3.7411993386963016,676.327263907876
1771579736601231435,40.35488284192631,-3.7411994754309976,676.3228244085797
1771579736701506068,40.354885300824606,-3.7411996231936904,676.315621724033
1771579736800982897,40.354887574921605,-3.741199704003498,676.3141522297265
1771579736901544199,40.354889834127825,-3.741199807785561,676.314862402035
1771579737000972972,40.35489206383453,-3.7411999407747114,676.3156784632039
1771579737101569112,40.354894252332706,-3.741200080401267,676.315074104666
1771579737201065356,40.354896396631915,-3.7412002074222186,676.3137119127343
1771579737301454423,40.35489849783544,-3.7412002951318644,676.3132993078516
1771579737400957231,40.35490055839494,-3.7412003731596744,676.3158341312751
1771579737506610008,40.354902572100904,-3.741200486518034,676.3185931379757
1771579737601140234,40.3549045294725,-3.7412006333560215,676.3199627765728
1771579737701607522,40.354906666834836,-3.741200712259073,676.3205132885099
1771579737801106426,40.35490855851966,-3.7412008274969,676.3216427273878
